Задача,Описание,Сообщение клиента,Отправитель,Приоритет,Проект,Статус,Тип,Источник,Telegram Message ID,Уверенность,Чат
Добавить отображение стоимости услуг в каждой вкладке врача,"В каждой вкладке, где показаны врач и виды операций, которые он выполняет, необходимо отображать стоимость этих услуг. У каждого врача свой прайс, поэтому информация должна быть индивидуальной.","Еще момент, может в каждой вкладке где врач и виды операций который он делает мы будем писать стоимость? У каждого врача свой прайс",Гузель,Средний,Платинентал чат с клиентом,Новая,Фича,Telegram,775339,0.9,Платинентал чат с клиентом
Уточнить источник списка операций для Мардановой,"Клиент отметил, что список операций для Мардановой не соответствует действительности, указав, что она делает только рино и блефаро. Нужно проверить и подтвердить источник данных этого списка.","По Мардановлй, список операций который она делает  откуда брали?  Он делает рино и блефаро)) и все",Гузель,Средний,Платинентал чат с клиентом,Новая,Вопрос,Telegram,775338,0.9,Платинентал чат с клиентом
Добавить статус ученицы для Тулатовой и Бречко,"По Тулатовой и Бречко добавить пометку, что они являются ученицами Искорнева.",По тулатовой и Бречко добавляем что они ученицы Искорнева,Гузель,Средний,Платинентал чат с клиентом,Новая,Контент,Telegram,775330,0.95,Платинентал чат с клиентом
Исправить текст: убрать у Мердановой про онлайн и добавить ученицу Мамедова,"Удалить из текста фразу 'она ведет онлайн' и добавить, что она ученица Мамедова, согласно просьбе клиента.",Не только она ведет онлайн. Надо этот текст убрать. Нужно добавить что она ученица Мамедова,Гузель,Средний,Платинентал чат с клиентом,Новая,Контент,Telegram,775329,0.95,Платинентал чат с клиентом
Добавить инфо об онлайн-консультациях всем врачам,Клиент просит добавить  инфо об онлайн-консультациях всем врачам,Давайте  добавим онлайн,Гузель,Средний,Платинентал чат с клиентом,Новая,Фича,Telegram,775327,0.9,Платинентал чат с клиентом
Обновить оформление информации о врачах и консультациях,"1. Добавить инициалы к фамилиям врачей.
2. Указать, что первичные консультации длятся до 30 минут.
3. Не ограничивать перечень анализов на сайте, чтобы избежать претензий.
4. Отметить, что все врачи проводят онлайн консультации.","1. Предлагаю писать не просто фамилию , но и инициалы добавить 
2. Все первичные Консультации длятся до 30 минут 
3. Перечень намного обширнее. Думаю лучше не уточнять, чтобы потом не было претензий , что на сайте написано только вот эти анализы
4. ВСЕ врачи проводят онлайн консультации",Гузель,Средний,Платинентал чат с клиентом,Новая,Контент,Telegram,775319,0.9,Платинентал чат с клиентом
Сделать фон фото врачей белым через ИИ и заменить,Клиент просит изменить фон на белый цвет согласно договоренности.,,Дмитрий Team Lead Comcookie,Средний,Платинентал чат с клиентом,Новая,Дизайн,Telegram,775325,0.9,Платинентал чат с клиентом
Исправить слетевшую табличку,"Клиент сообщает, что табличка слетела и требуется ее исправить.","Здравствуйте, тут слетела табличка, поправим",Дмитрий Team Lead Comcookie,Средний,Платинентал чат с клиентом,Новая,Баг,Telegram,775317,0.9,Платинентал чат с клиентом