Задача,Telegram Message ID,Источник,Описание,Отправитель,Приоритет,Проект,Сообщение клиента,Статус,Тип,Уверенность,Чат
"Добавить ссылку на мессенджер Макс ",,,,,,,,,,,
нет про Piezo инфы.  Вторичная ринопластика после плохого НЕ НАШЕГО ВРАЧА,,,,,,,,,,,
Заменить слово площадка,,,,,,,,,,,
Одно и тоже по смыслам в hero и втором блоке на странице Косметологии,,,,,,,,,,,
Искорнев прайс внедрить,,,,,,,,,,,
Грицай текст-описание в карточке на странице Косметологии заменить,,,,,,,,,,,
Добавить мессенджеры,,,,,,,,,,,
У всех врачей убрать дисклеймер,,,,,,,,,,,
Фотографии До-после,,,,,,,,,,,
Текст у Васильева,,,,,,,,,,,
,,,,,,,,,,,
"Добавить преимущества в коротком виде Мердановой и Бречко ",,,,,,,,,,,
Убрать везде по сайту слово “маршрут”,,,,,,,,,,,
Скорректировать текст,,,,,,,,,,,
Найти все пропущенные даты в образовании у врачей,,,,,,,,,,,
Визуально исправить кнопку,,,,,,,,,,,
Страница О клинике правки,,,,,,,,,,,
Блок Искорнева на главной,,,,,,,,,,,
Добавить текст Как подготовить свою кожу к пластической операции,,,,,,,,,,,